Harmonious Rose,1004-2A,#F19DB7
Flower Girl,1005-1C,#F398AF
Sweet Sixteen,1006-2A,#F29FAB
Peach Burst,1008-1C,#F39998
Salmon Rose,2003-3C,#E7968B
Coral Reef,2004-4A,#F6A494
Poppy Petal,2001-1C,#F6A08C
Simply Coral,2001-2A,#F8B09C
Apricot Jam,2005-4A,#F5A990
Coral Ridge,2003-6A,#E59E85
Iced Berry,1004-1C,#E67F9B
So Charming,1005-1B,#EA7D96
Poppy Field,1006-1C,#E6888F
Strawberry Pink,2001-3C,#D9878B
Powder Peach,1007-1C,#E18684
Sweet Melon,1008-1B,#EA8280
Coral Passion,2001-1B,#EE8A78
Desert Rose,2004-3C,#E7927F
Sweetly Singing,2005-3C,#E18E78
Orange Slice,2002-1B,#F08A64
Frosty Berry,1003-1B,#DD7699
Peruvian Pom Pom,1006-3C,#CE7C94
Reflecting Rose,1007-3B,#D68095
Passion Pink,1006-1B,#E06E78
Rouge Red,1007-1B,#DD7977
Amber Rose,2003-3B,#DB8478
Flamenco Pink,2004-3B,#DA7867
Ripe Pomegranate,2009-3,#E5745A
Spanish Dancer,2005-3B,#DC7D66
Island Orange,2010-2,#E66C35
Hint of Cherry,1004-1B,#DA6884
Pink Burst,1003-1A,#D55E7B
Sonora Rose,2002-3B,#C86C6D
Cuban Plaza,2001-5B,#C4726F
Blaze Orange,1008-1A,#DF655D
Rhapsody,2002-5C,#C27B71
Ultra Orange,2010-3,#DE6350
Autumn Enchantment,2001-1A,#E46B54
Autumn Blaze,2002-1A,#E16442
Roasted Squash,2006-3A,#D4744A
Berrylicious,1005-1A,#D34E5F
Playful Pink,2001-3B,#C06E71
Scarlet Sun,1011-1,#D24B42
Hacienda Tile,2010-4,#C45749
Roasted Pumpkin,2005-3A,#CD6651
Vivid Orange,2011-3,#CF5942
Florentine Clay,2003-5B,#B87463
Fall Leaf,2009-5,#B9634D
Bear Claw,2004-5A,#AB6A50
Dark Palomino,2011-2,#C2653D
Very Berry,1002-1A,#B95579
Deep Sunset,1005-3A,#A65D75
Sienna Dust,1007-3A,#B45762
Whipped Strawberry,1006-1A,#C74E5B
Red Bliss,1010-1,#CF454A
Autumn Fire,1007-1A,#C34B4A
Island Salsa,2003-3A,#BB5D50
Terra Cotta Red,2004-3A,#C2584A
Orange Maple,2010-5,#B35943
Cinnamon Cake,3010-6,#A96245
Berry Blush,1004-1A,#B84D5D
Deep Rose,2001-3A,#AC595A
Red Ochre,2011-4,#A85551
Oh So Red,1009-1,#BE4948
Brick Facade,2002-3A,#B25550
Lovely Love Song,2009-4,#C34B44
Rare Sienna,2010-7,#A7584C
Fire Orange,2009-7,#B35545
Crimson Glow,2011-5,#A85341
Toffee Glaze,3011-6,#9A5F45
Radiant Red,1009-3,#8F3841
Cut Ruby,1009-4,#8C363B
Quite Red,1011-3,#94353C
Bright Red,1010-2,#AD3C44
Fabulous Red,1011-2,#973E41
Classic Red,1009-2,#AE373F
Toasted Cranberry,2001-5A,#A4554D
Decadent Red,2002-5A,#904C44
Russet Red,2011-7,#944F43
Autumn Russet,2009-6,#945642
Heirloom Red,1010-3,#7F3639
Sassy Peach,2003-2A,#FCB78C
Peach Taffy,2006-4A,#F6BA93
Orange Taffy,2008-6A,#F1BB8C
Almond Butter,3001-4A,#F1C18D
Hayloft,2006-2A,#FCC484
Apricot Butter,2005-2A,#FFCA8C
Orange Toffee,2007-1C,#FDBC6C
Cantaloupe Smile,2007-2A,#FFC479
Whipped Apricot,2007-2B,#FFD599
Peach Tea,3002-3C,#FDC572
Peach Frenzy,2004-2A,#FBB484
Tangerine Cream,2007-3C,#FAB67F
Orange Ice,2005-1C,#FFB571
Honey Tea,2008-4A,#EEB47A
Orange Cream,2006-1C,#F4B779
Pumpkin Butter,2007-1B,#FEAF50
Spun Gold,3001-5C,#EBB880
Spring Squash,2008-1B,#FEB24F
Morning Sunrise,3011-2,#FFB234
Afternoon Tea,3002-3B,#F4B65B
Ripe Melon,2002-1C,#F8A47E
Orange Nut,2004-1C,#F6A370
Apricot Honey,2006-3C,#F1AB7F
Warm Cider,2003-1C,#F4AE80
Tomato Bisque,2008-5C,#E9AB77
Toasted Honey,2006-1B,#EFA861
Buttered Hazelnut,3001-3C,#ECB276
Sunset Glow,3009-2,#FFAB37
Orange Glow,3001-1A,#FFA900
Pirate's Treasure,3006-5B,#E2AE62
Pumpkin Burst,2005-1B,#F89E57
Orange Ochre,2010-1,#F39C4E
Butterscotch Sundae,2008-3C,#E9A871
Brioche,3001-5B,#E7A870
Monarch Wing,2008-1A,#F99F3B
Frankincense,3002-5C,#DAA977
Safari Sun,3004-5B,#DBA867
Creamy Orange,3005-5B,#DAAC6F
Ambitious,3005-5C,#D8AF77
Caramel Honey,3003-3B,#E3AB57
Tangerine,2004-1B,#F2915E
Orange Pecan,2003-1B,#EF9A6D
Peach Ice Cream,2007-5C,#DB9F7A
Brushed Orange,2007-3B,#F29C5E
Orange Fruit,2011-1,#F88F21
Toffee Cream,3001-3B,#DD9C62
Buttercup Squash,2007-1A,#F89839
Toasted Coffee,2008-3B,#E5A060
Roasted Chestnut,3002-3A,#E49B40
Golden Castle,3004-3A,#E3A031
Toasted Apricot,2006-3B,#E38F66
Laredo,2004-5C,#D29473
Carrot Cake,2007-3A,#EB8A52
Longhorn,2007-5B,#D6926B
Fresh Persimmons,2009-1,#F58E4B
Pumpkin Custard,2005-1A,#F38F3E
Toasted Pumpkin,2006-1A,#E38F43
Autumn Spice,3003-5B,#CD965C
Poseidon's Gold,3004-5A,#CE9650
Amber Wheat,3003-3A,#DA9A40
Autumn Glimmer,2003-1A,#E97F4E
Autumn Gala,2004-1A,#EB7B45
Patio Stone,2008-5B,#D28A5B
Coffee Whip,2008-3A,#D7884E
Canyon Sun,3001-5A,#C78351
Hazelnut Coffee,3001-3A,#D48D4F
Pronghorn,3002-5A,#BF8655
Fancy Suede,3010-5,#C2874D
Butternut Tree,3002-5B,#C8935B
Bugle Call,3006-5A,#CF954A
Cattle Drive,2007-5A,#B77658
Clove Bud,2004-5B,#C38162
Caramel Cream,2009-2,#C56E39
Caramel Toffee,3009-7,#B47B4D
Wet Riverbanks,3011-4,#B6793D
Amber Sienna,3003-5A,#BA854D
Garden Ochre,3005-5A,#B7874C
Pumpkin Squash,3009-5,#B88541
Mixed Potpourri,3010-4,#B18A52
Camel Ride,3005-7A,#B18A52
Fiesta,2008-5A,#B66B46
Orange Glaze,3009-6,#B66A3E
Autumn Surprise,3011-5,#9D6C40
Praline Cake,3004-7A,#A4794D
Toasted Wheat,3001-2B,#FFDD97
Peach Tickle,3002-2B,#FFE3A1
Fruit Compote,3004-2A,#FFE190
Sunglow,3003-2B,#FFE59E
Hazy Dawn,3004-2B,#FEE8AC
Toasted Oat,3005-4A,#F9E098
Like Butter,3005-2A,#FEE59C
Tangy Lemon,3006-2A,#FEE284
Lemon Twist,3006-2B,#FDE9A1
Lemon Curd,3007-2A,#FDE581
Butterscotch Cream,2008-2A,#FFD78C
Maple Cream,3003-4B,#FDDDA8
Toasted Pecan,3002-2A,#FFDA89
Honey Glaze,3003-2A,#FFDD7A
Hint of Honey,3005-1C,#FFDE81
Almond Glaze,3005-3C,#FADB85
Yellow Chimes,3011-1,#FFDD5D
Golden Mist,3007-1C,#FBDD64
Late Day Sun,3006-4A,#F3DE97
Top Banana,3008-1C,#FAE17D
Soft Duckling,3001-2A,#FFD175
Lazy Sun,3006-6A,#FAD79E
Brushed Almond,3004-4A,#FED385
Golden Butter,3002-1C,#FFD277
Summer Wheat,3004-1C,#FFD979
Sunny Jonquil,3010-1,#FFD639
Golden Haze,3006-1C,#F8D866
Sweet Mustard,3008-1B,#FBD950
Pineapple Mousse,3008-3C,#F1D875
Island Sun,3007-3C,#EFDA86
Croissant,3002-4A,#F8CE8C
Dreamy Caramel,3003-4A,#F6CD8A
Maple Taffy,3004-3C,#FECA6D
Bask in the Glow,2008-1C,#F7CC7C
Golden Promise,3003-1C,#FFD052
Summer Gold,3005-1B,#FDD25D
Dandelion Chain,3006-1B,#F9D14C
Amber Pearl,3006-3C,#F3D57E
Tangy,3008-1A,#FBD12B
Golden Yellow,3007-1B,#FCD545
Delightful Moon,3004-6A,#EBC995
Pale Butter,3003-3C,#F4C77F
Elizabethan Yellow,3009-1,#FFC33E
Chickadee,3002-1B,#FFC34D
Golden Spell,3004-1B,#FEC540
Field of Daisies,3003-1B,#FFC843
Sweet Lemon,3006-3B,#F2C85E
Golden Delight,3005-1A,#FECA2A
Dijon,3006-1A,#F7C82F
Yellow Mustard,3007-1A,#FACD03
Golden Chime,3006-5C,#F0C282
Dandelion Wish,3001-1B,#FFBB46
Sunspark,3010-2,#FFBC2E
Gold Tone,3001-1C,#FFC14A
Cloudy Sunset,3005-8A,#E4C38E
Gold Abundance,3003-1A,#FFBB08
Golden Treasure,3004-1A,#FCC13D
Sunday Brunch,3005-3B,#ECC455
24 Karats,3008-6A,#DFC686
Fall Meadow,3007-3B,#E1C861
Golden Flame,3002-1A,#FFB41C
Golden Moon,3004-3B,#F5B651
Veranda Yellow,3005-6A,#E4C18B
Buttered Toffee,3005-3A,#EFBB3B
Harpswell Green,3007-5C,#DDBF85
Mustard Glaze,3006-3A,#E4BB53
Heraldic Gold,3010-3,#E2BA4E
Golden Meadow,3008-3B,#E4C24F
Swiftly Green,3008-5C,#DDC47B
Crushed Cumin,6008-6A,#D8C478
Lewis Gold,3005-7C,#CBA56B
Afternoon Stroll,3004-5C,#DFB674
Earthen Sienna,3007-5B,#C9A768
Butterscotch Lollipop,3011-3,#E3B964
Roman Ornament,3009-3,#D3A746
Golden Avocado,3008-5A,#C7A44B
Almond Puff,3008-3A,#CEAB3B
Dylan Velvet,3008-5B,#D0B469
Spring Moss,3007-3A,#D8BC4B
City Chartreuse,6008-6C,#B7A756
Antelope Hide,3005-7B,#C3A069
Corduroy,3007-5A,#B28E4B
Bamboo Leaves,3009-4,#BC9F60
Swampwater,3008-7B,#B3A36A
Wild Daisy,3007-4A,#F3E298
Chickery Chick,3008-2A,#FBE998
Pineapple Cream,3008-4A,#F8E9AA
Daisy Spell,3007-4B,#F6EAB3
Summer Sun,3007-2B,#FAEEB5
New Willow,6007-9B,#F0EBAC
Lime Mousse,6008-9B,#E2E48F
Fluorescent Lime,6007-9C,#DEE28C
Fresh Pear,6007-7C,#D6E293
Spring Lawn,6006-9C,#D0E4A5
Desert Hotsprings,6008-5C,#E4D799
Tangy Dill,6008-10A,#D8D556
Citrus Tickle,6008-9C,#DAD969
Green Tea,6008-8A,#CDD170
Celery,6007-10A,#D8DE7E
Garden Fresh,6008-7C,#D8DF80
Sonic Lime,6007-8A,#C0D56E
Afternoon Delight,6006-10A,#BDDB8C
Lush Meadow,6005-9C,#B7DC98
Au Naturale,6003-7C,#A9DBA3
Olive Marinade,6007-5C,#CBC58D
Lavish Lime,6008-10B,#D4CF3E
Lime Burst,6007-10B,#C6D15E
Temptation,6007-8B,#B2CD62
Greenhouse Tint,6002-5C,#BACB8D
Spring Meadow,6006-7C,#BBD38E
Crocodile Smile,6005-7C,#B4CE93
Greenscape,6005-10A,#A8D485
Gentle Landscape,6004-7C,#A7D093
Garden Sprout,6004-9C,#96D49D
Greek Tapenade,6008-6B,#CDBC6B
Lime Passion,6008-10C,#C5C225
Herb Cornucopia,6005-5C,#C3C18B
Parsley Sprig,6008-8B,#C2C54B
Limolicious,6007-10C,#A9C342
Everglade Glen,6003-6A,#B9C585
Parakeet Green,6010-10,#A7C443
Martian,6007-8C,#A7C646
Spring Lime,6006-10B,#A1CB67
Superior Green,6003-8A,#90C881
New Avocado,6007-6A,#B8B067
Can't Miss Lime,6011-10,#BEBD3B
Asparagus,6008-8C,#AEB83A
Brush Meadow,6004-6A,#A9B37D
Green Gecko,6006-8A,#A7C06A
Sunny Dale,6002-6A,#A5BB78
Pea Pod,6005-8A,#9DC37A
Jaunty Green,6005-10B,#8AC56C
Tossed Salad,6002-8A,#86BF8C
Green Shimmer,6004-10A,#7BC586
Gilded Pesto,6007-6B,#B1A859
Jalapeno Jelly,6005-6A,#B0AD70
Fiddlehead Fern,6003-6B,#A3B272
Mardi Gras Green,6002-6B,#93AB64
Chopped Chive,6006-8B,#96B55C
Awakening,6006-10C,#85BC50
Peaceful Leaf,6004-8A,#8CB96F
Lucky Clover,6005-8B,#87B66B
Gamma Green,6003-8B,#71B96A
Green Galore,6004-10B,#67B771
Crushed Oregano,6007-6C,#9D9950
Organic Garden,6005-6B,#9F9E61
Sassy Green,6009-10,#93AB3E
Emerald Isle,6004-6B,#9AA56D
Meadow Twilight,6006-8C,#89A64C
Greenway,6005-10C,#69AE44
Putting Green,6004-8B,#75AA5C
Spring Leaves,5008-6B,#7FA576
Polly Green,6003-8C,
Elf,6002-8B,#71B078
Shallow Valley,6011-9,#868E48
Ivy Pasture,6004-6C,#838C55
Palm Leaf,6003-6C,#7E8E4A
Mountain Botanical,6010-9,#7F9843
Tropical Foliage,6002-6C,#819C54
Leprechaun,6005-8C,#68A34A
Enchanted Forest,6004-8C,
Bright Parrot,6011-7,
Simply Green,6002-8C,
Spinach,6004-10C,
Lovely Green,6009-9,#658940
Field Time Green,5008-6C,#658B57
Lime Candy,6011-8,
French Olive,6010-8,
Vegas Green,6009-7,
Green Vibe,6002-7B,#B5E0BD
Green Gala,6003-9C,#86D2A9
Mino's Eye,6003-9B,#B1E4C9
Sea Treasure,6002-9C,#87D8BB
Simply Aqua,5008-10A,#6CD4BD
Fresh Mist,5008-9C,#9AE1D1
Mermaid's Song,6001-9C,#99E1D1
Sea Wave,5006-9C,#8CD9D4
Beach Sparkle,5004-9C,#8FD4DB
Infinity Pool,5003-9C,#9CD5E6
Fresh Meadow,6002-7C,#8ECA97
Kelp,6001-8A,#8FC2A7
Lavish Green,6002-10A,#73CDAE
Aqua Quartz,6001-10A,#6CD3BB
Nautical,5007-9C,#7ACDC6
Playful Pool,5005-7C,#8AC9CF
Fiesta Blue,5003-10A,#7BC5D9
Summer Splash,5002-9C,#88C9E6
Billow,4008-9C,#87C5E6
Slumber,4007-9C,#98C8EA
Spearmint Burst,6003-10A,#67C294
New Meadow,6002-10B,
Seafarer,5007-10A,
Bayside,5006-10A,
Swim,5006-8A,#75BBBA
Aqua Ocean,5005-10A,#6FC5C5
Rapids,5004-10A,#67C4CB
Well Water,5005-8A,#6EB7BE
Water Fountain,5001-10A,#7FBCD7
Sea Frolic,4008-10A,#6DB9E3
Divot,6003-10B,
Tantalizing Teal,5008-10B,
Rainforest Mist,6001-10B,
Twilight Meadow,5007-8A,
Turquoise Tint,5006-10B,
Rushing Stream,5005-10B,
Sea Serenade,5002-8A,#75B3C2
Ocean Sigh,5002-10A,
Tidal Basin,5001-7C,#77ADC9
Skyscape,4007-10A,#70ADD7
Cosmic Green,6003-10C,
Salamander,6001-8B,#6CA187
Tropical Rainforest,6002-10C,
Laguna Green,5007-10B,
Tidal Teal,5006-8B,
Exotic Sea,5004-10B,
Sea Exposure,5005-8B,
Gone Fishing,5004-8A,
Fragrant Bouquet,5003-10B,
Rolling Sea,5001-10B,
Beach Grass,5008-8B,
Sea Swell,5008-10C,
Spa Green,5004-6A,
Tropical Hideaway,5007-10C,
Dreamy Teal,5007-8B,
Cool Rain,5005-10C,
Tropical Oasis,5004-8B,
Aqua Dance,5002-8B,
Pool Party,5002-10B,
Rushing Rapids,5001-8A,
Luscious Green,6010-7,
Green Sea,6001-10C,
Elegant Silk,5010-7,
Blue Turquoise,5006-10C,
Fish Story,5006-8C,
Garden Pool,5003-10C,
Wishing Well,5002-10C,
Roadster Blue,4006-6B,
Blue China,5001-8B,
Deep Blue Sea,5001-10C,
Deep Mint,6001-8C,
Green Suede,5009-6,
Nordic Forest,5010-6,
Stained Glass,5011-7,
Pine Forest,5007-8C,
Artisan Green,5009-7,
Bay Teal,5004-10C,
Vintage Teal,5010-9,
Starry Sky,5005-8C,
Ocean Soul,5009-9,
Four-Leaf Clover,6011-6,
Poker Green,6010-6,
Northern Hemisphere,5009-5,
Sensual Jade,5009-8,
Gypsy Teal,5010-8,
Shaded Lake,5011-9,
Pacific Pleasure,5009-10,
Bluish,4006-9C,#A7CBEB
Sassy Violet,4004-10A,#ABAFDA
Imperial Lilac,4003-9C,#B7ADD6
Plink,4001-10A,#D0AAD3
Pink Plunge,1001-1C,#EAA7CA
Magic Wand,1001-2A,#EBBADC
Dawn's Reveal,1005-4A,#DFADC4
Pink Frenzy,1002-2A,#EBA7C4
Hushed Rose,1003-2A,#F1B2C8
Positively Pink,1003-1C,#EC9BB8
Autumn Sky,4008-7C,#81B4DF
High Seas,4006-10A,#89B5DC
Blue Eyes,4007-8A,#86ACD2
Superior Blue,4006-8A,#86ABD5
Simply Periwinkle,4005-10A,#90ABD6
Mysterious Blue,4005-8A,#9AAFD8
Purple Gala,4002-10A,#C0A2D1
La La Love,1003-3C,#C8A0C3
Quilted Heart,1004-3C,#CE9CB8
Polka Pink,1006-4A,#DB9CB3
Enchanted Sea,4008-8A,#69A0D3
Bliss,4003-6A,#8CA7CB
Enchanted Evening,4003-8A,#8698C4
Purplicious,4004-8A,#94A5D2
Quite Lilac,4003-10A,#9F93C8
Gleeful Joy,1001-3C,#A891B6
Amethyst Purple,1004-5C,#B993B2
Berry Twist,1002-1C,#D588AB
Market Flower,1005-3C,#CF8CA9
Raspberry Sorbet,1001-1B,#DC7FB4
Blue Burst,4008-10B,
Blue Tango,4007-10B,
Someday,4006-10B,
Jazzy,4005-8B,#778DBF
Blue Shock,4005-10B,#7F97CC
Plum Burst,4002-10B,#A381BA
Berries Galore,4001-10B,#B283B8
Wild Lavender,1002-3B,#A685A8
Purple Stripe,1003-3B,#AE7DA7
Nice Berry,1005-3B,#BF7896
Star Gazer,4008-8B,
Mountain Lake,4006-8B,#6689B8
Violet Twist,4004-8B,#7687C0
Simply Purple,4004-10B,#7D83BD
Grapolicious,4003-10B,#8D7FBA
Plum Shade,1003-5B,#A181A5
Purple Jewel,1004-5B,#A880A2
So Long Shadow,1004-3B,#B2789A
Cosmic Pink,1001-1A,#D26EA4
Rose Dust,1002-1B,#CA6997
Cosmic Blue,4008-10C,
Wellspring,4007-8B,
Burbling Brook,4007-8C,
Peek-A-Boo Blue,4007-10C,
Bedtime Story,4003-8B,#6A7BA2
Dazzle,4005-10C,
Twinkle Night,4004-8C,
Purple Phantom,1001-3B,#917AA4
Dusky Purple,1003-5A,#836484
Sonic Plum,4002-10C,#815A92
Vivid Blue,4006-10C,
Bluer Than Blue,4006-8C,
Regal,4005-8C,
Indigo,4003-8C,
Purple Frenzy,4004-10C,
Rollick,4003-10C,#745A92
Cosmic Berry,4001-10C,#87558C
Pensive Plum,1002-3A,#7A5B7A
Purple Davenport,1003-3A,#825779
Plumberry,1004-3A,#8C546D
Egyptian Blue,4011-7,
Precious Sapphire,4010-7,
Deep Space,4008-8C,
Enchanted Navy,4010-8,
Purple Royalty,4009-10,#725889
Magician's Cloak,1009-8,#794E6C
Brown Cherry,1009-7,#81465D
Berry Brown,1010-7,#673649
Perfect Plum,1011-7,
Poetic Purple,1010-8,
Karmic Grape,4002-8C,
Classic Royal Blue,4009-8,
Homecoming Blue,4009-9,
Jazzy Blue,4010-9,
Spirit Blue,4011-9,
Sumptuous Purple,4010-10,
Dress Rehearsal,7001-20,#F8EBEE
Naiveté,7001-21,#F7EFEC
Apricot Fluff,7001-24,#F8ECE4
Pearly Violet,7001-23,#F2EEE6
Cream Delight,7002-14,#F2EEE5
Pale Bloom,7002-8,#F2EFE5
Dove White,7002-7,#F1EEE4
Bistro White,7006-4,#F0EEE9
Du Jour,7002-6,#F1F0EC
Swiss Coffee,7002-16,#F2F0EA
Exaltation,7001-2,#F8EAEE
Fair Maiden,7001-10,#F5EAEB
Pink Kiss,1007-2C,#F6E9E2
Sugarcane Pink,7001-22,#F3ECE8
Delicate Bliss,7001-8,#F3EBE3
Birchwood White,7002-18,#F3EAE0
Chef White,7002-15,#EFEBDE
Ivory Dust,7003-24,#EFECE0
Polar White,7003-16,#F0EDE2
Lavender Moon,4001-9A,#F7EAEF
Noble Blush,7001-11,#F7E6E8
Helio Prism,1003-4C,#F4E8E9
Origami,7001-6,#EFE5DD
Virtue,7001-15,#EEE7DF
Foggy Skies,7002-4,#EDE6DB
Cozy White,3008-10C,#EDE8DC
Snow Cap,7003-8,#ECE9DD
Snowed In,6004-1A,#EBEAE4
Summer Gray,7006-17,#EAE9E4
Star Light,4001-7A,#E7E6EB
Fainting Violet,1001-8C,#E8E3E4
Winter Dawn,7004-1,#E8E6E6
Timid Violet,4001-3A,#E8E3E2
Seashore Bud,7001-14,#EDE2DA
Cinema Screen,7001-17,#E5E3E1
Riviera Dune,2008-10C,#EBE2D7
Mystique,7006-16,#E8E3D7
Quail Egg,7002-12,#E9E4D8
Satin Snow,7004-17,#E6E4DD
Gossamer Curtains,1002-6C,#E9E2E8
Berry Taffy,1006-6C,#EFDEE1
Gray Shimmer,7004-9,#E4E3E2
Sweet Pastel,1007-8C,#ECDFD9
Blank Canvas,7001-16,#EAE0D7
Heirloom Pink,7001-18,#E4E2DF
Snowy Dusk,7002-3,#E8E3D7
Wispy White,7006-1,#E5E2D9
Decadent,7006-11,#E5E3D7
Dreamy Heather,1004-6C,#EBE0E8
Lilac Intuition,7001-1,#EBE1E4
Winter Sunrise,1002-8C,#EADDE0
Pressed Blossoms,1004-8C,#E7DCDB
Bungalow White,2005-10C,#E9DED4
Ballroom Belle,7001-9,#E4E0DA
Oyster Pearl,7002-2,#E3DED3
Asiago,6005-1A,#E3DFD4
Gilded Linen,6002-1A,#E3E1D8
Soft Silk,7004-2,#E2E1E5
Spring Parade,1001-4C,#E7DFEA
Cool Violet,1001-6C,#E6DFE4
Quartz Pink,1005-8C,#E9D8D6
Napa Dawn,1003-10C,#E1D9D8
Crushed Out,7001-19,#E3D7D2
Vanilla Steam,2006-10C,#E1DAD2
March Breeze,1001-10C,#EEDBCA
Sandstone Gray,7004-18,#D8D7D4
City Steam,7006-5,#E0DED3
Rising Star,4002-7A,#DCDDE4
April Morning,4001-5A,#DEDCDF
Gentle Violet,4002-3A,#E2DDE1
Pretty Orchid,1002-8B,#DFCFD3
Magic Mist,1003-10B,#D2CBCC
Frosted Clover,1001-8B,#D9D1D1
White Pepper,4001-1A,#D6D3D3
Ancestral Haze,1004-10C,#E0D4D1
March Ice,1001-10B,#E7D1C2
Warm Fog,1002-10C,#DED4CC
Warm Putty,6006-1A,#DAD4C8
Filtered Shade,4003-1B,#CDCBC8
Brushed Lavender,4001-3B,#DAD1D7
Berry Cream,1004-10B,#D5C6C2
Modest Silver,4002-1A,#D0CAC7
Stardust Evening,4002-3B,#CECAD3
Sweet Pink,1004-2B,#F9CDD9
Pink Flutter,1005-2A,#F6B2C4
Camille Pink,2002-4B,#EEBBBD
Warm Pink,1006-2B,#FACDCB
Tea Rose,1007-2B,#F9CCCA
Peach Whisper,1008-2B,#F9C5C2
Salmon Bisque,2003-4B,#F6C4BC
Spring Linen,2002-6C,#EBBCB3
Coral Mist,2001-2B,#FBD1C5
Crystal Coral,2004-4B,#FBD1C5
Sweety Pie,1008-4B,#E7B8C1
Timeless Rose,2001-4A,#E8A0A8
Champagne Blush,1008-6B,#E4B2B5
Blushing,2002-4A,#EAACAE
Antique Coral,1007-2A,#EDA09F
Faithful Rose,2001-6B,#EAB6B4
Peach Punch,1008-2A,#F7B1AE
Brushed Rose,2003-4A,#ECA69B
Sweet Marmalade,2003-6B,#E7A993
Shy Time,2002-8B,#DFB8A7
Second Blush,1007-3C,#E89EB2
Thistle Field,1007-6A,#D4A6AE
Nana's Rose,1008-4A,#DA99A2
Rosetti Pink,1008-6A,#D19699
Honeysuckle Rose,2002-3C,#DD9090
Juicy Peach,2001-6A,#DD9C9B
Salmon Run,2002-6B,#DC9E95
Field of Flowers,2001-8A,#CD9489
Princess Peach,2002-8A,#D09D8A
Adobe Glow,1007-10A,#C29C8D
Edwardian Rose,1007-5C,#C6959F
Doric Pink,1008-3C,#CA808B
Coral Banks,2001-5C,#D88E8B
Gilman Rose,1008-8A,#C69592
Vintage Coral,2002-6A,#CF8A7E
Rosy Sandstone,2001-7C,#BB897C
Terra Earth,2003-5C,#CE8C79
Western Pink,2002-7C,#BD8775
Kitchen Terra Cotta,2003-7C,#BE8874
Western Ridge,1008-9C,#B49183
New Bud,1006-5C,#B1828D
Brazilian Blush,1008-3B,#B96E78
Romantic Rose,1008-5C,#BD8287
Spanish Rose Shadow,1008-5B,#AE7073
Cherry Mocha,1006-7C,#A27A7A
Plum Ribbon,1007-7C,#B08886
New Haven Rose,1008-7C,#BB8581
Apache Clay,1007-9B,#9E786E
Country Path,2001-9B,#9F7A6E
Canyon Earth,1007-9C,#B1897C
Valley Bloom,1006-5A,#916270
Posh Rose,1006-5B,#9F727D
High Country Rose,1007-5B,#A06C77
Pretty Peony,1006-3B,#AE6471
Savannah Red,1008-7B,#A36864
Pajarito Red,2001-7B,#AA7267
Kitchen Tile Red,2002-5B,#AF6D5F
Tiny Tulip,2002-7B,#A86E5E
Deep Clay Red,2003-7B,#A56C5B
Rio Grande Mud,2005-7A,#99695B
Baked Bahama,1006-3A,#98535C
Upholstery Red,1008-3A,#9E565C
Muted Red,1008-5A,#925559
Brickstone Red,1006-9B,#825E57
Tropical Nut,2003-5A,#9A5C4F
Potter's Rock,1007-9A,#815E55
Smoky Hazelnut,1008-9A,#856157
Rusted Earth,2002-7A,#8B5748
Burnt Caramel,2010-6,#8A5543
Chocolate Sauce,2006-7A,#805E4F
Moving Melody,1009-5,#794A4D
Perennial Red,1010-4,#804045
In the Red,1007-5A,#7F5051
Red Henna,1008-7A,#80514E
Earth Rouge,1007-7A,#825551
Double Chocolate,2011-8,#6F4B46
Berry Butter,2010-8,#7D5955
Remember Me Red,2001-7A,#8A5248
Chocolate Cherry,2003-7A,#805045
Cowboy Suede,2011-6,#7C5244
Jazzy Red,1009-6,#783741
Royal Garnet,1011-5,#653A3E
Spanish Tile,1010-5,#683839
Posh Red,1011-4,#763839
Coral Peach,2005-4B,#F8D1BE
Whipped Peach,2002-2B,#FBD6C0
Simply Peach,2004-2B,#FDD0AF
Peach Champagne,2006-4C,#FBDCC5
Peachy Confection,2007-6B,#F1D4BB
Peach Butter,3001-4B,#F8D3A9
Champagne Orange,2007-4B,#FDDEB9
Créme Brûlée,2008-6C,#F6DDC1
Iced Tea,2006-2B,#FFD8A4
Sand Swept,2005-2B,#FFDBAC
Tropical Breeze,2002-2A,#FBC8AF
Peach Encounter,2006-4B,#FBCAAB
Special Peach,2004-6B,#ECC9B1
Coral Gable,2003-2B,#FDCCA9
Orange Mousse,2007-4A,#FECD9F
New Peach,2008-6B,#F8D0AC
Honey Pecan,2008-4B,#F8CFA2
Johnny Cake,3001-6A,#F2C89A
Bread Basket,3002-8B,#EBD2B6
Amber Waves,3002-6B,#F0CDA2
Sandbar,2004-6A,#E3B091
Resort Peach,2005-8B,#E6C5B1
Colorado Skyline,2003-8B,#E5C3AD
Caramel Sugar,2007-6A,#F1BA91
Mesa Sand,2004-8B,#DCBDA7
Antelope,2005-6A,#E2BB9D
Southern Peach,2006-6B,#E6C1A4
Fragrant Coriander,3002-6A,#E7B98B
Sun Tan,3002-8A,#DCB995
Kidskin Buff,3003-6A,#E7C08D
Arizona Dust,2003-8A,#DBAC96
Mojave Sunset,2005-8A,#D9B199
Perfect Peach,2006-6A,#DEAB89
Vienna Beige,2004-8A,#CCA488
Pale Powder,3001-8A,#CCAF98
Cosy Chair,2007-8A,#D1AA8A
Maple Leaf,2008-8B,#CEB499
Imperial Gold,3003-5C,#DCB482
Warm Buff,3002-10A,#D1B796
Leatherbound,3004-10A,#C5AD8F
Cinnamon Brulee,2006-7C,#C29E88
Ginger Bite,2005-5C,#CE9E7D
Sweet Cardamom,2006-5C,#D2A07B
New Haven Clay,2007-7C,#C29A7D
Sturdy Bronze,3001-7C,#BC9A81
Pale Blush,3002-7C,#C79D79
Friendly Tan,2008-8A,#C29E7F
Doe Eyes,3002-9C,#B79D80
Buckskin Pony,3004-7C,#C8A173
Au Lait Ole,3003-9C,#B6A084
Desert Carnation,2005-7C,#C4977C
Greek Amber,2006-5B,#C28D6C
Coffee Gelato,2004-7C,#B88F75
Copper Hide,2005-5B,#BD8865
Café Miel,2008-7C,#B48E6F
Gleaming Tan,3002-7B,#B38864
Changing Seasons,3001-9C,#B2977E
Corner Café,3003-7C,#B88D60
Lariat Tan,3004-7B,#BE986A
River Oak,3004-9C,#A89071
Mesabi Copper,2005-5A,#AC775C
Mocha Java,2004-7B,#AB826C
Chocolate Cheesecake,2006-7B,#A48270
Terra Cotta Trail,2005-7B,#B28063
Rustic Oak,2007-7B,#A67E64
Tender Twig,3001-7B,#9C7D69
Dark Toast,3001-9B,#947964
Leather Satchel,3003-7B,#A9825E
Crunch Granola,3004-9B,#9B8164
Olive Branch Gold,3006-7A,#9B7F58
Woodland,2006-5A,#A36D54
Italian Roast,2004-7A,#906652
Sienna Red,3011-7,#97664E
Rustic Earth,2007-7A,#906B58
Pale Cordovan,3010-7,#A06D4E
Natural Cork,2008-7A,#8C664E
Chestnut Beach,3002-7A,#9C7253
Standing Still,2008-7B,#8F6D52
Brilliant Oak,3003-7A,#8F6D53
Mocha Syrup,3002-9B,#92785E
Mona's Mane,3002-9A,#836652
Muddy Mississippi,3004-9A,#826852
Cowboy Hat,3010-8,#745746
Creamy Oat,3002-2C,#FDEBC2
Lemon Sorbet,2008-2C,#FCEDCC
Coconut Cream,3004-2C,#FDEBBE
Summer Wish,3005-2B,#FDEAB4
Champagne Tickle,3001-2C,#FAF0D2
Linen Napkin,3008-6C,#F7EBC9
Champagne Dance,3005-4C,#F9ECC3
Cuddle,3005-4B,#F9EBBB
Peaceful Calm,3005-2C,#FAF0CE
Lemon Cream,3006-4C,#F9EEC7
Sweet Almond,2005-2C,#FAE7CC
Natural Sheepskin,3001-6C,#FAE8CC
Cosmic Cream,2007-2C,#FCE8C6
Evening Sun,3004-6C,#FBE7C6
Basket,7002-24,#F8E9CF
Spun Honey,2008-2B,#FFE3AD
Coconut Scent,3003-4C,#FCE8C4
Pretty Pretty Picture,3004-4C,#FAE5BC
Spirited,7003-19,#F4E8C8
Pale Maize,3005-8C,#F3E7C1
Sisal,2006-2C,#FDE2BF
Elitist,7002-23,#F7E4CB
Apricot Mousse,3002-4B,#FFDEAB
Almond Whip,2008-4C,#F9E2C2
Shoreline,3006-6B,#F8DEB0
A True Antique,7003-18,#F4E4C5
Cream Cake,3002-4C,#F4E4C2
Homey Cream,3007-6B,#F2E1BC
Demure Yellow,3006-6C,#F2E1BA
Pecan Cream,3006-4B,#F3E4AF
Toasting Tan,3003-8B,#EAD7BC
French Pastry,3002-6C,#F1D6AF
Simple Pleasures,3003-6C,#F1DCBF
Soft Candlelight,3005-6C,#EFDABB
Capricious,3005-8B,#EFD6AC
Hazy Yellow,3004-8B,#ECD8B6
Charm Bracelet,3004-4B,#F8DCA7
Paper Moon,3007-8C,#EFDEBB
Hidden Path,3008-8C,#E7DBC0
Canary Diamond,3008-6B,#ECD8A2
Clarified Butter,3001-6B,#F2D4AC
Pumpkin Pie Oh My!,3003-6B,#ECCFA6
Sweet Treats,3005-6B,#E9CDA1
Warm Sunshine,3004-6B,#F0D4A8
Classic Buff,3006-10B,#E1D2B6
Baked Scone,3007-8B,#DEC9A1
Honeysuckle Beige,3007-6A,#E8CF99
Light Amber,3006-8B,#E2CEA4
Dakota Trail,6008-3B,#D8CCB0
Ancient Scroll,3008-8B,#DACEA6
Palamino Pony,3004-8A,#E0C39D
Holmes Cream,3004-10B,#DDC9AE
Young At Heart,3003-8A,#D4B488
Wheat Toast,3002-10B,#DDC8AB
Gardenia,3005-10B,#D9C7AB
Dining Room Gold,3006-8A,#CFB78B
Sandy Cove,3005-10A,#D4C19F
Country Charm,3007-10B,#D1C2A6
Epic,6008-3C,#CBBD9C
Dry Leaf,3008-8A,#CEC193
Timeless Gold,3006-7C,#B69B70
Wetland Clay,3007-10A,#C0AE93
Caraway Seed,3005-9C,#BDA67F
Glowing Dune,3006-9C,#BBA47E
Prairie Dance,3006-10A,#CBB695
Bedouin Trail,3007-7B,#B59C6B
Golden Popover,3007-7C,#C2A878
Tweed Jacket,3007-8A,#C6B083
Dry Earth,6008-4A,#BDAE89
Desert Grass,3008-7C,#BCAE7D
Rugged,3008-9C,#998870
Caramel Gold,3006-7B,#B1956D
Hot-Crossed Bun,3005-9B,#AF9369
Grecian Olive,3008-7A,#A38759
Prairie Path,3006-9B,#9A8668
Winter Delta,3007-9B,#95856B
Lioness,3007-7A,#B09666
Wild Mushroom,3007-9C,#AB9C83
Caraway Shield,6008-4B,#A2936F
Rolling Prairie,6007-4B,#9A8F68
Magic Lamp,3005-9A,#947952
Grecian Helmet,3006-9A,#826D4F
Twilight Jungle,3007-9A,#7A6B54
Valencia Moss,6008-4C,#847655
Summer Moon,3008-2C,#FAF1D1
Lemon Butter,3008-4B,#F9EDB7
Warm Summer,3008-2B,#FAEFB9
Oyster Bisque,3007-4C,#F5ECC3
Desert Flower,6008-5A,#F2EBCB
Yellow Bliss,3008-4C,#F7F0CC
Summer Morning,3007-2C,#F9F1C9
Summer Smile,3006-2C,#F9F2CC
Limescent,6007-9A,#EEEFC0
Sheer Green,6007-7A,#EDF0CE
Heart of Palm,6008-5B,#F0E6BB
Lime Kiss,6008-9A,#EFECC0
Lime Ice,6008-7A,#EBEBC3
Gleeful,6008-7B,#E9EBB5
Grasshopper,6007-7B,#E8EDBC
Apple Slice,6006-9A,#E6EECB
Limish,6006-7B,#DCE8BA
Spring Glow,6006-9B,#DCE9BD
Sprig of Mint,6004-7B,#D8EBC6
Garden Mist,6003-7A,#D5ECCF
Tempered Sage,6006-5A,#E1DBBB
Timid Absinthe,6003-5B,#DAE2B8
Prairie Willow,6001-5B,#D4DCBC
Limonata,6002-5B,#CFDEAE
Summer Rapture,6002-5A,#D9E5BE
Meadow Wind,6005-7B,#D0E3AE
Lime Sorbet,6005-7A,#D8E5C1
Lime Sherbet,6005-9B,#D4EAC3
Summer Frolic,6003-7B,#CBE8BF
Summer Sigh,6004-9B,#C3E7C6
Willow Wind,6004-3B,#CDC8AA
Plum Passion,6007-5B,#D9D5AA
Martinique Dawn,6003-3B,#D2CFAC
Leaf Bud,6005-5B,#D9D8A9
Paris Mint,6002-3B,#CDCDA9
Mild Evergreen,6003-5C,#CAD39D
True Bliss,6004-5B,#CFD7B4
Zen Garden,6001-5C,#C4CFA5
Kiss of Mint,5007-5B,#C1D5B9
Jaded Lime,5008-5B,#C0DAB8
Withered Moss,6007-3C,#C1B792
Marsh Green,6006-5C,#C8BF91
Oakmoss,6005-3C,#BAB594
Parlour Sage,6006-5B,#CAC5A0
Bayou Shade,6006-3C,#C7C3A4
Young Willow,6003-3C,#BDB994
Sumptuous Sage,6002-3C,#B9BC98
Green Monsoon,5008-3C,#B6BEA1
Good Morning,6004-5C,#B9C79C
Heartland Frosty,5008-5C,#A4C49B
Gentle Pasture,6003-4A,#ACA97F
Dusty Olive,6005-4A,#A7A586
Backwoods,6004-3C,#B2B08A
Brisk Olive,6002-4A,#A3A47B
Jungle Chameleon,5008-4A,#A0A98A
Gloaming Green,6001-6A,#A7B98B
Green Garlands,5007-3C,#A7B396
Cool Green,6001-6B,#93A87B
Rolling Glen,5007-5C,#A2BA98
Green Goddess,5008-6A,#8DB285
Gold Infusion,6007-4A,#A89E75
Cool Moss,6006-4A,#A39C7E
Olive Rush,6006-6B,#A39B6E
Grassland,6004-4A,#A7A27A
Throw Rug,6006-6A,#A7A373
Prairie Brush,6003-4B,#98956E
Garden of Paradise,6002-4B,#92956D
Cactus Shadow,5008-4B,#8B9577
Meadowgrass,5007-6A,#8CA885
Blue Grass Mood,5006-6A,#8CA78B
Mountain Olive,6007-4C,#8D845F
Smoked Olive,6006-4B,#968F69
Ripe Olives,6005-4B,#8B886A
Gaucho,6004-4C,#807E60
Candied Lime,6002-4C,#7E7F5A
Green Jalapeño,6005-6C,#858757
Bullfrog,6004-4B,#858960
Graceful Green,6001-6C,#73865C
Plaza Green,5007-6B,#7D9874
Pine Green,5006-6B,#6E8B71
Olivita,6006-6C,#817A53
Summer's End,6005-4C,#676443
Jungle Thicket,6003-4C,#7E7C58
Dark Meadow,6010-5,
Minty Fresh,6002-7A,#D1EAD3
Delicate Frost,6003-9A,#D0EEDD
Mint Gala,6001-7B,#C1E2D1
Beach Blanket,6002-9B,#B9E8D0
Sea Lily,6001-9A,#C5EEE4
Sprinkle,5008-9A,#C6EDE4
Aquatic Mist,5008-9B,#ADE6DA
Ocean Whisper,6001-9B,#ACE6DA
Frosty,5006-9B,#B5E5E2
Out of the Blue,5004-9B,#BFE2E7
Meadow Mist,5008-7B,#BCE2D5
Aqua Glow,5007-9B,#ADDCD2
Sea Kiss,5005-9C,#A7DCDD
Surf Spray,5002-7B,#B9DEE7
Angelic Blue,5003-9B,#B3DFEB
Blue Tradition,5001-7A,#BADAE7
Misty,5002-9B,#B5DBEA
Clear Blue Sky,4007-9A,#BCDBED
Escape,4007-7B,#BBD6EB
Gentle Wind,4006-9B,#B7D6ED
Green Supreme,6001-7C,#A7D2BA
Simply Seafoam,5008-7C,#A3D3C7
Lake Breeze,5007-7B,#AED4CF
Crystal Aqua,5006-7B,#AED9DA
Sea Tickle,5005-7B,#ABD5DA
Summer Sky,5001-9B,#B0D5E2
Adrift,4006-5B,#B2D0DF
Sonic Sky,4008-9B,#AAD7EF
Perfectly Blue,4007-9B,#A8D3EA
Encounter,4008-7B,#A9CFE9
Starry Woods,5005-5C,#A4BEAD
Green Charm,5008-8A,#91C2B0
Gentle Wave,5007-7C,#93CBC7
Bay Mist,5006-7C,#94CDCE
Sea Seeker,5004-7C,#93C5C9
Crystal Sea,5004-7B,#A1CED5
Sea Sparkle,5003-7B,#9DC8CF
Tidal Wave,5002-7C,#8FC5D3
Skyward,5001-9C,#9ECBDA
Ice Sculpture,5001-7B,#A2CAE0
Spearmint Haze,5006-5C,#9DBAA7
Turquoise Porcelain,5002-5C,#8CB3B3
Fresh Basin,5003-7C,#84B6C0
Lucy Blue,5001-5C,#8BADB8
Summerhouse Blue,4008-5C,#85A5B7
Nostalgia,4007-6A,#85A1B1
Soft Skies,4006-6A,#80ABC3
Blue Vault,4006-5C,#94BBD0
Coventry Blue,4005-5C,#92ABBF
Office Blue,4005-6A,#829DB1
Cool Bluegrass,5005-6A,#6E937F
Water's Edge,5003-6A,#749795
Lost Atlantis,5002-6B,
Spa Pool,5002-6A,#6DA1A3
Ocean Voyage,5003-8B,
Sea Song,5003-8A,#6AA0AC
Flood Tide,5001-6A,#6F95A0
Brookside,4008-6A,#6B8DA0
Celebration Blue,4008-6B,
Royal Gray,4006-4A,#788FA1
Alpine Top,5006-6C,
Mosaic Green,5008-8C,
Moonlit Surf,5004-6B,
Ocean Slumber,5004-8C,
Firmament,5003-8C,
Night Scape,5002-8C,
Sky Space,5001-6B,
Photogenic,5010-10,
Empire Fleet Blue,4006-6C,
Bountiful Blue,4007-6B,
Wilderness,6009-5,
Palace Green,6009-6,
Southern Garden,5011-6,
Capital Green,5004-6C,
Ivy League,5010-5,
Classic Teal,5011-8,
Azure Jazz,4011-6,
Newport Gray,4011-5,
Deep Twilight Blue,4007-6C,
Quarry Pond,5011-10,
Mixedwood Leaf,5007-6C,#68825E
Lime Twist,6009-8,
Favorite Green,5011-4,
Royal Pine,5011-5,
Boisterous Blue,4009-6,
Surrender,4004-7B,#C7D3ED
Twilight Mist,4004-9B,#CAD0E9
Fragrant Flower,1003-6B,#DDC7DE
Pink Odyssey,1001-2B,#F2D2E7
Dreamy Memory,1004-4B,#EBCADD
Pink Quartz,1002-2B,#F2C7DA
Velvety Blush,1005-4B,#EBC6D6
Pink Destiny,1003-2B,#F6CADC
Rosy Cheeks,1005-2B,#F9CDDB
Hello Dolly,1007-4B,#F5D1DC
Utterly Blue,4006-7B,#B6CCE5
Celestial Blue,4003-5C,#BBCBE1
Sassy Lilac,4003-9B,#CBC4E4
Playful Petal,1001-4B,#D4C5DE
Purple Whisper,4002-9C,#D9C6E3
Lavender Quartz,4001-9C,#E0C4E0
Lilac Ice,1003-4A,#DABFD9
Candy Ice,1005-6B,#E4C2D1
Savvy Pink,1006-4B,#ECBFCE
Prom Pink,1007-4A,#EEBCCA
Breezy,4007-7C,#A3C4E0
Novella Blue,4004-5B,#AFC6DB
Loyalty,4006-7C,#A4C4E3
Blue Galaxy,4005-9C,#ABBFDE
Promise,4005-7C,#B4C5E5
Ticklish,4004-7C,#AAB9DD
Over the Moon,4003-7B,#B5BFDA
Iris Moon,4004-9C,#C1C5E6
Pleasant Violet,1004-6A,#D6B7CE
Lofty Delight,1004-4A,#DEB3CC
Precious Stone,4002-5C,#A6B1C8
Purple Freedom,4002-7C,#AEB0CB
Dusky Lavender,4001-7C,#B2AAC9
Orchid House,1001-6A,#BEB1D0
Fancy Pansy,1001-4A,#BEACCC
Classic Lilac,1002-5C,#B9A6BC
Violet Sweet,1003-6A,#C3A9C6
Floral Vista,1002-3C,#C7AAC7
Dancing Rose,1005-6A,#C9A3B4
Sugarplum Dance,1006-6A,#CFA8B4
Lovebirds,4004-5C,#92ACC7
Splendid Blue,4004-6A,#7795B3
Heartsong,4003-7C,#99ABCE
Twilight Fever,4002-6A,#909BB5
Sweet Violet,4002-8A,#A1A4C5
Utterly Violet,4001-8A,#ACA9C6
Iris Blossom,1001-5C,#A796B8
Serious Violet,1003-5C,#B094B6
Sweet Purple,1003-7C,#A2889A
Iris Reverie,1005-5C,#B88DA1
Blue Sash,4005-6B,#718CA3
Gray Lavender,4005-4A,#7C8DA2
Guest Blue,4003-6B,#7785A3
Merlin,4002-6B,#808CA9
Positively Purple,4002-8B,#7D80A5
Rapture,4001-6B,#85839D
Velvet Evening,4001-8B,#7E789B
Purple Hills,1001-5B,#9183A7
Evening Lilac,1002-5B,#917E99
Purple Plumage,1005-5B,#A57A8D
Retro-Colonial Blue,4006-4B,#667C8F
Veranda Blue,4004-6B,
Thundering Clouds,4005-4B,#66778D
Atlantic Schooner,4004-6C,
Waterloo,4003-6C,
Celestial Mystery,4002-6C,
Success,4001-8C,#655D7A
Purple Valley,1001-5A,#6F6183
Canton Purple,1003-7B,#8B7083
Vintage Grape,1005-5A,#7F5967
Dark Iris,4009-5,
Deep Sea Diving,5001-8C,
Baritone Blues,4010-6,
Indigo Cloth,4009-7,
Mystified,4011-8,
Metropolis Lilac,4001-6C,#645D79
Velvet Beret,1001-3A,#675375
Plum Good,4011-10,
Purple Cloak,1004-5A,#6F5668
Plump Grape,1003-7A,#735968
Ultra White,7006-24,#F6F7F4
Paramount White,7006-22,#ECECE4
Blanched Pine,7005-15,#EBECE7
New Monsoon,7005-21,#EBEFE5
Cool Gray,7006-10,#ECEDE9
Lilac Muse,7004-3,#ECECEB
Italian Ice,7005-10,#E9F6EF
Blue Kiss,7004-11,#EBEDED
Fluffy Slippers,7004-5,#E5EFF0
Moonbeam,4005-7A,#E5ECF0
Promenade,7006-3,#E9E9E0
Hailstorm Gray,7006-21,#E9E9E1
Bleached Slate,7004-20,#E8E9E4
Light Moss,7005-23,#E7ECDF
Acropolis,7005-4,#E6ECE2
White Sash,7004-14,#E6EAE6
Mint Spritzer,7005-11,#E5ECE4
Ivy Shadow,7005-18,#E5EAE5
Cool Elegance,7005-1,#DDEEEA
Hotspring Green,7005-9,#DFECEB
Divine Cream,7006-8,#E6E6DC
Summer Eclipse,7005-24,#E6E8DB
Possibility,5007-1A,#E5E7E2
Angel Touch,7004-24,#E3E6E0
Pianissimo,7005-20,#DEEAE2
Pirate Coast,5004-3A,#DFE9E4
Sweet Leaf,7005-19,#DEE9E6
Blue Whisper,5005-9A,#D9EAE8
Gray Opal,7004-6,#DFE9EA
Mountain Pear,4005-9A,#E0E9ED
Mineral Ash,7006-19,#E6E5DE
Silver Dust,7004-19,#E2E3E1
Blowing Bubbles,5004-5A,#DBE8DE
Dew Drop,7004-15,#DFE7E2
Halcyon Blue,5001-3A,#E0E5E3
Subtle Canopy,7004-8,#DAE3E1
Sweet Slumber,7004-12,#D9E4E4
Ice Rink Blue,4007-5A,#D9E5E7
Prudence,7004-13,#E0E3E4
Cool Mist,4004-7A,#DAE3E7
Madison Avenue,7006-14,#E2E0D4
Salute,7006-12,#E1E0D5
Gray Palisade,7006-2,#E1E0D9
Blizzard Fog,7006-18,#E0E1DC
Comet Dust,5006-1A,#E0E1DD
Sculpture White,7005-22,#DDE1D4
Luna,5005-3A,#DCDFD7
Sheer Light,7004-16,#DBDFDD
Emerald Ice,7004-7,#D8E0DF
Sapphire Glow,4003-5A,#DAE1E8
Seashell Gray,4003-1A,#DBDBD7
Wave's Crest,5005-1A,#DBDED5
Oxygen White,7005-17,#D6DCD3
Pale Linen,7004-23,#D8DEDA
Seashore Fog,7004-22,#D8DDDB
Tsunami Sky,7004-4,#D9DDDD
Rising Tide,4008-3A,#D4DDDF
Wisteria Snow,4003-3A,#D7DFE3
Ghost Ship,4007-3A,#D5DDE1
Fragile Blue,7004-10,#D9DCDE
Tempered Gray,4004-1A,#D6D5D0
Silver Splendor,7006-20,#D7D6CA
Madison White,5008-1A,#DAD9D2
Stony Path,5007-1B,#D9DBD2
Ante Meridian,5005-1B,#D4D8CF
Quiet Mint,5003-1A,#D6DCD3
Morning Lake,7004-21,#D3D6D4
Polar Star,4005-1A,#D7D9D8
Azure Snow,5001-1A,#D0D9D8
Orchid Ash,4003-3B,#D2D8E0
Tea Stain,6001-1A,#D7D5C9
Sage Morsel,5005-1C,#CDD2C6
Winter in Paris,5002-1A,#CFD7D1
Sage Bud,5003-3A,#C9D6CE
Distant Valley,5002-3A,#C9D8D1
Northern Sky,5001-3B,#CAD2D0
Bay Waves,4008-1A,#CED1D0
Pelican,4007-1A,#D1D6D6
Tinsel Beam,4005-3A,#CAD5DE
Moon Sail,4004-3A,#CFD6DE
Notre Dame,5006-1B,#C9C9C3
Sparkling Sage,5005-3B,#CBD0C5
Mellow Tune,5003-1B,#C6CCC2
Silver Leaf,4006-1A,#CDD0D2
Water Lily Bloom,1007-6C,#F5DDE2
Barely Pink,1006-8C,#EAD7D7
Pink Breeze,2001-4C,#F8E0DE
Baby Blush,1008-2C,#FADAD7
Soft Stone,7001-3,#F8E2DE
Pink Wink,1006-2C,#F9E3DE
Snow Pa,2003-4C,#FAD9CF
Mosaic Pink,7001-13,#EBDAD4
Champagne Pink,2004-4C,#F9E4DD
Apricot Ice,2001-2C,#F8E3DA
Oh So Pink,1008-4C,#F3D2D8
Sweet Baby's Breath,1007-6B,#E6C3C8
Lilac Buds,1004-8B,#DFCCCE
Delicate Pink Rose,1008-6C,#F1D2D2
Rose Buff,2002-4C,#F6D3D2
Tulip Pink,2001-6C,#F2CFCD
Rosy Glow,1008-8C,#ECD2CE
Harmony,2001-8C,#EACDC4
Pale Satin Peach,2003-6C,#F0CBBD
Tender Shell,1006-10C,#E2D1CA
Tulip Petal,2001-4B,#EBC0C2
Bombay Pink,1006-8B,#D4B7B8
Embroidery Rose,1005-8B,#DDC6C5
Radiant Pink,1007-8B,#D9BBBA
Soft Pink,1008-8B,#DFBBB8
Lovebug,1005-10B,#CAB1AE
Rosario Ridge,1005-10C,#DAC3BF
Semi-Precious,2001-8B,#E0BCB2
Sunset Curtains,1007-10B,#D7B8AE
Badlands Taupe,2003-10B,#D7C3BA
Twilight Mauve,1001-8A,#BCADB0
Rosy Hue,1007-8A,#CEACAD
Cameo Pink,1006-8A,#BF9B9C
Romantic Smoke,1005-8A,#CBAEAD
Berry Frost,1004-10A,#BEADA9
Damask Dunes,1006-10B,#CDB0A7
Mauve Blush,1006-10A,#B89B91
Naked Clay,1008-10A,#C5A598
Painted Desert Sand,2002-10B,#C8AFA5
Glamorous Taupe,2003-10A,#BEA89F
Antoinette,1005-7C,#B69396
Dusky Hyacinth,1003-10A,#AF9D9C
Lilac Gray,1003-9C,#9C8C8B
Forest Trail,1005-9C,#A38480
Irish Tea,1004-9C,#9C8682
Cherry Taupe,1005-10A,#B59791
Clay Dusk,1008-9B,#A17F75
Wild Frontier,2001-9C,#B09086
Navajo Horizon,2003-9C,#A3887C
Opaque Cocoa,2002-10A,#B39385
Smoked Mulberry,1004-7B,#876E71
Garnet Dust,1005-7B,#977576
Fruitwood,1006-7B,#926C6D
Sumac Berry,1007-7B,#9A7574
Marron,1004-9B,#7F6C67
Southern Road,1006-9C,#9A7971
Thorny Brush,1001-9B,#857874
Roadhouse Tavern,2002-9B,#90766C
Antique Farmhouse,2002-9C,#9A7D72
Sea Lion Brown,2003-9B,#8D746A
Chocolate Raspberry,1010-10,#645557
Purple Earth,1004-7A,#6B5457
Berry Brandy,1005-9B,#816462
Western Clay,2009-8,#7F605C
Bridle Leather Brown,1009-10,#6B5652
Smoked Almond,1006-9A,#785A52
Western Brown,2009-9,#705148
November Foliage,2001-9A,#7B5C51
Hunting Boots,1001-9A,#6A5F5B
Brooklyn Brownstone,2003-9A,#71594E
Stoic,1010-6,#724E56
Crabapple Wine,1005-7A,#6F4D50
Brown Plum,1006-7A,#6E4D4C
Piano Brown,1004-9A,#64514D
Tavern Mahogany,2002-9A,#6B524C
Rich Chocolate,1005-9A,#6A4C44
Soul Chocolate,2011-9,#6A4F48
Mystic Taupe,1002-9A,
Gardener's Soil,2010-9,#69534C
Roasted Coffee,2009-10,#674E44
Ancient Burgundy,1011-6,
Virginia Soil,1003-9A,
Cabin Plank,2011-10,
Antique Burgundy,1011-8,
Adobe Blush,7001-4,#F6E5DC
Perfection,7001-12,#F6E5DC
Peach Kiss,2002-2C,#FBE4D2
Crystal Pink,2005-4C,#F8EAE0
Subtle Peach,2003-8C,#FAE7D5
Abalone Pink,7002-17,#F8E8D9
Subtle Suede,2005-6C,#F5E1CD
Orange Mist,2004-2C,#FCE4CA
Tangerine Dream,7001-7,#F4E5D4
Peach Gala,2003-2C,#F7E4CC
Honeysuckle Delight,1007-10C,#EDDED6
Desert Bone,1008-10C,#EBDDD5
Cape Sands,2004-6C,#F6DCC9
French Cream,2006-6C,#F2D7C1
Santa Fe Spirit,2001-10C,#ECE0D5
Fair Peach,2005-6B,#F2D9C5
Warm Cappuccino,2004-8C,#EAD7C7
Bubble Tea,7001-5,#EDDFD4
Buttery Pink,2005-8C,#EFDFD0
Cake Batter,2007-8C,#EDDCCC
Rodeo Dust,1008-10B,#DEC4B9
Rose Scroll,2002-10C,#D8C1B7
Morning Glow,2002-8C,#EFD3C6
Champagne Glee,2003-10C,#E0D0C8
Simply Subtle Pink,2006-8C,#E7D5C7
Sand Storm,2004-10B,#D5C8BD
Sahara Sands,2007-8B,#E0C6AE
New Penny,3001-8B,#DECAB8
Strawberry Malt,2008-8C,#E5CFBA
Tagsale Linen,3001-10C,#E0CFBF
Seagull Beach,1002-10B,#C7B9B3
Blushing Bride,2001-10B,#D1BBB0
Desert Travels,2001-10A,#C7AB9B
Pacific Shoreline,2006-8B,#D9BDAD
Estate Peach,2006-8A,#D3B7A5
Dust Bunny,2005-10B,#CCBCB0
Milk Toast,3001-10B,#D6BFAB
Clean Sweep,2007-10B,#C5B7A9
Mesa Tumbleweed,2008-10A,#C8B9A9
Moose Mousse,3003-10A,#C7B39E
Wool Coat,1002-10A,#AF9D93
Adirondack Path,2004-10A,#C3AC9E
Delta Sandbar,2005-9C,#A58E7F
Western Sandstone,1001-10A,#C0AC9C
Free Wheeling,2006-10A,#B09B8C
Morning Coffee,2005-10A,#C3AB99
Boulder Beige,3001-10A,#C1A995
Woodland Stone,2007-9C,#B09E8E
Timber Dust,2007-10A,#BBAA9A
Faint Maple,2008-9C,#B6A390
Soft Rabbit Brown,1002-9C,#918179
Fudgecicle,2004-9C,#A58C7F
Zanzibar Spice,2005-9B,#8E796B
Tempered Allspice,2006-9C,#9B8879
Scented Candle,2006-9B,#887465
Milk Chocolate,2007-9B,#917E6D
Caramelized Onion,2008-9B,#937F6C
Universal Umber,3003-9B,#9C866F
Safari Beige,6006-2B,#8A7E70
Seine,6005-2B,#888076
Summer Sparrow,1002-9B,#81716A
Brown Bark,2004-9B,#876E63
Wooden Wagon,3001-7A,#7F6453
Gypsy Leather,3009-8,#816959
Chocolate Turtle,3001-9A,#7B6251
Humboldt Earth,3003-9A,#786557
Sumatra Blend,2008-9A,#746356
Shutter Brown,2007-9A,#736355
Treetrunk,3009-10,#77695A
Stampede,3008-9A,#736556
Boston Legacy,2005-9A,#6B5950
Cowboy Boots,2010-10,#65534A
Deep Walnut,2004-9A,#6E594D
Dark Earth,3011-8,#6F5744
Frontier Road,3011-10,#645953
Garden Walk,3010-9,#6C5F56
Mudslide,2006-9A,#6A5A4F
Swiss Chocolate,3010-10,
Italian Leather,6005-2C,
Harvest Brown,6009-2,
Burnt Tile,6011-2,
Deep Earth,6010-2,
Journey,6010-1,
Orange Sparkle,2007-4C,#F8E8D3
Sunset Nude,7002-9,#F9E9D3
Night Light,7002-19,#F8ECDA
Bermuda Sand,7002-10,#F3E8D6
Kabuki Clay,3003-8C,#F3E8D4
Ivory Lace,7003-6,#F1E8D4
Veranda Ivory,7003-20,#F8EDD4
Polished Ivory,7006-6,#F0E9D8
Pam's Lace,7006-7,#F0EADD
Saffron Ivory,7003-21,#F9F1D8
Sweet Sand,2007-6C,#F3E4D0
Almond Cream,3001-4C,#F5E5CD
Estate Vanilla,3004-8C,#F3E6CD
Antique White,7002-20,#EFE8DA
Thistle Seed,7003-13,#F1E8D5
Frolic,7003-12,#F1E7D1
Caribbean Walk,7003-5,#EFE8D7
Romano,7003-15,#EDE7D4
Shania's Lace,3006-10C,#ECE7D9
Summer Linen,3005-10C,#EDE8D7
Apricot Haze,7002-11,#F0E2D0
Subtle Blush,3002-8C,#F2E3D0
Honey Vanilla,7002-22,#F2E4D0
Cameo White,7002-21,#F0E3CD
Powder Soft,7003-17,#F1E4CB
Totten's Inlet,7006-9,#E8E2D6
Muslin Wrap,7003-11,#EEE6D3
Crafted White,3007-6C,#EDE2C9
Ivory Essence,3006-8C,#ECE3CE
Barcelona White,7003-14,#EDE6D1
Balance,2004-10C,#E8DFD3
Manila Cream,3001-8C,#E6DBCA
Malted Milk,7003-9,#EBE0CA
Cream in my Coffee,3003-10C,#E6DECF
Courtyard Tan,7002-13,#E9E1D0
Drumskin,7003-10,#E6DBC1
Foxtrot,7003-3,#E5DDCC
Unforgettable,7003-2,#E4DCC7
Daybreak,6008-3A,#E5DDC9
Gracious,6007-1A,#E2DDCF
Savoury Beige,3002-10C,#E4D8C6
Clay Angel,7002-1,#DFD7CB
Parlour Taupe,7003-1,#DAD0C0
Coconut Milk,2007-10C,#E1D7C7
Rattan Basket,3007-10C,#DACFBB
Lovely Bluff,3004-10C,#E5D8C1
Light Raffia,3008-10B,#E1D9C8
Shoreline Haze,6008-1B,#DAD3C0
Milestone,6007-1B,#DAD2BE
Fennel Splash,6007-3B,#E0D7BD
Gallery Grey,2006-10B,#C3B8AC
Hopsack,3003-10B,#D0C1AE
Desert Fortress,2008-10B,#DACDBD
Ivory Brown,6006-1C,#BCB0A1
Oregon Coast,6007-1C,#C3B6A2
Freshly Baked,3008-10A,#C7BAA6
Oatbran,6006-1B,#CEC4B3
Soft Stones,6008-1C,#C5BBA8
Frappé,6003-1B,#BFBAAF
Villa Grey,6005-1B,#D1CCBF
Smoked Oyster,6005-1C,#AFA69A
Stone Manor,6006-2A,#9D9180
Coastal Villa,6005-2A,#A1998E
Ashen Grey,6004-1C,#B3ABA1
Arid Plains,6007-2A,#AFA28F
Aspen Gray,6004-2A,#A29D93
Artichoke,6003-2A,#928D82
Transitional Tan,6008-2A,#B0A790
Gray Silt,6002-1C,#ACA799
Tornado Watch,6002-2A,#A5A194
Riverbed's Edge,3008-9B,#988771
Wild Hawk,6007-2B,#938672
Olive Sawdust,6007-2C,#786E5E
Prairie Foliage,6008-2C,#6D6250
Roasted Sepia,6006-2C,#645B4F
Moss Mulch,6009-4,#756A54
Sandalwood,6008-2B,#968C74
Empire,6003-2B,#807C72
Mossy Aura,6002-2B,#8A8577
Falcon's Plume,6002-2C,#6B675C
Olive Suede,6010-3,
Montana Moss,6009-3,
Amazon Silt,6010-4,
December Starlight,7003-7,#F3F0E2
Enlightenment,3003-2C,#F8F4D7
Gilded Endive,7003-22,#F7F4DB
Betsy's Linen,7005-16,#F7F5E7
Lemon Edge,7003-23,#F4F3E5
Ambrosia Mist,6003-5A,#EDF1D3
Tempered Spring,7005-13,#EAF1DB
Chartreuse Frost,7005-14,#E9F0DE
Frosted Shadow,7005-12,#EBF3DE
Sea Cove,7005-5,#EBF3E3
Whitewashed Oak,7006-23,#EFEBDA
Honeymilk,7003-4,#F0EDDF
Statuesque,7002-5,#F0EDE0
Pontoon White,7006-13,#EDEBDB
Ocean Buff,7005-7,#EBEBD9
Grassy Field,6004-5A,#EDEFD8
Whipped Mint,6006-7A,#EBEFD0
Desert Seedling,6001-5A,#E9EFD9
Mint Mist,6004-7A,#E4EFD6
Green Mist,6005-9A,#E4EFD7
Ginger Sugar,6007-3A,#EEE8D1
Presidential White,7006-15,#E7E1CE
Country Whitewash,6008-1A,#EDEADC
Feathered Fern,6005-5A,#EEEACF
Summer Mist,6004-3A,#E5E3D0
Hemingway,7005-8,#EAE8D4
Green Highland,6007-5A,#E6E3C7
Parisian Mist,7005-6,#E4E8D6
Pale Oak Grove,5008-3A,#DEE4D5
Pale Tidepool,5008-5A,#D6E7D0
September Fog,6003-1A,#DEDACC
Spring Reflection,6003-3A,#E2DFC6
Lunar Tide,6006-3B,#DBD9BE
Ancient Olive,6001-3A,#DEDECC
Panacea,6002-3A,#DEDFC6
White Scallion,6006-3A,#DDDECD
Aspiration,5004-1A,#D3D7C7
Pale Pastures,5006-3A,#D3D8C4
Glowing Green,5007-3A,#DADFCF
Crocodile Dreams,5007-5A,#CCDFC4
Greyed,6001-1B,#C9C4B2
Bay Sands,5008-1B,#D0CEC1
Brown Buzz,6005-3B,#CAC8B7
Olive White,6005-3A,#CFCFB6
Mint Frost,6001-3B,#C9CBB5
Mint Glaze,5004-1B,#CACDBF
Spearmint Shale,5008-3B,#CBD2C0
Mellow Spring,5007-3B,#CBD3C4
Wedding Mint,5006-3B,#BDC8B5
Garden Flower,5004-3B,#C1CBC0
Carriage House,6003-1C,#B3AF9F
Hunter's White,6002-1B,#B2AE9F
Sandy Sage,5008-1C,#BDB9AA
Hazy Jade,6001-3C,#AEB396
Green Tea Leaves,5004-1C,#A2A695
Irish Paddock,5006-4A,#96A38D
Spring Spirits,5003-1C,#9BA396
Ballroom Dancing,5005-4A,#A9B4A5
Green Trellis,5006-3C,#AAB9A5
Favourite Jade,5004-3C,#A2B0A0
Sweet Carolina,5008-2A,#96937E
Folkstone,6001-2A,#8B8978
Grandma's Linen,6001-1C,#9B9B88
Native Henna,6001-4B,#84886E
Blanched Thyme,6001-4A,#92967C
Tuscan Olive,5004-2A,#949A84
Cottage Lattice Green,5003-2A,#868A7D
Leafy Rise,5007-4A,#8F9A7F
Northern Glen,5007-4B,#7E8B71
Ginkgo Tree,5006-4B,#808C79
Ironclad,5008-2B,#7F7962
City Arboretum,6006-4C,#6D6954
Smoky Olive,6001-2B,#838273
Cosmopolitan Olive,5008-2C,#6B6B5F
Tarragon,6001-4C,#6B6D55
Fields of Green,5004-2B,#7E8374
Boughs of Pine,5007-4C,
April Arbor,5008-4C,#6C7460
Lush Sage,5003-2B,#788176
Green Peppercorn,5005-4B,#788476
Olive Smudge,6001-2C,
Night Safari,6011-3,
Flora,5004-2C,
Belmont Green,5005-4C,
Treeline,5006-4C,
Mint Hint,6004-9A,#DFF2E1
Minty Delight,5006-5A,#DCEAE0
Neon Mint,7005-3,#DEEEE4
Mint Whisper,5008-7A,#D3EAE2
Stillness,7005-2,#DAEFEB
Icy Blue,5004-9A,#DAF2EF
Sea Air,5006-9A,#CAEBE8
Fountain Mist,5005-9B,#CCEAEA
Tropical Mist,5002-7A,#D1EAEB
Dewdrop,4006-7A,#D7E8F4
Icy Mint,6001-7A,#CFE8DA
Ultra Green,6002-9A,#CCE7D8
Gossamer Sky,5002-5A,#CEE5DF
Dancing Mist,5005-7A,#D5E8E3
Sea Breath,5006-7A,#CBE6E5
River Mist,5003-9A,#CBEAF1
Crystalline,5002-9A,#D2E7ED
Skywriter,4008-9A,#CDE3ED
Air Kiss,4007-7A,#D1E3EC
Blue Mist,4006-9A,#D0E5F2
Pillow Mint,5005-5A,#CADCD3
Inspiring Hue,5007-9A,#C6E4DB
Mystic Sea,5007-7A,#C1E4DF
Dreamy Clouds,5002-5B,#C9DFDE
Tropical Spray,5004-7A,#C3E1E3
Lament Blue,5001-5A,#CADCE0
Rain Dance,5001-9A,#BEDDE6
New Day,4006-5A,#C9DEE8
Summer Breeze,4008-7A,#C8E2EF
Journal Book,4004-5A,#CFDEE7
Frosty Grass,5003-3B,#C3D1C7
Aloe Vera,5006-5B,#C6D8CC
Sweet Mint,5005-5B,#C0D4C8
Aquatic Edge,5003-5A,#C5DAD6
Destiny,5003-5B,#BDD6D5
Harbor Mist,5003-7A,#BADBE0
Pale Flowers,4008-5A,#C2D8E1
Schoolboy Blue,4007-5B,#BCD1D9
Blue Raindrop,4005-5A,#C8D9E4
Silver Dusk,4006-3A,#BECFDA
Tranquil Bay,5004-5B,#AEC5B6
April Thicket,5003-3C,#ABBEB4
Sparkling Lake,5002-3B,#BBCDC8
High Noon,5001-5B,#A6C5CD
Memorybook Blue,4007-5C,#A4BFCD
Northern Sky Blue,4008-5B,#AAC5D3
Lighthouse Shadows,4008-3B,#BBC8D0
Shark Loop,4007-3B,#B7C2CA
Sailboat,4005-5B,#B1C8D8
Palisade Blue,4006-3B,#A5B8C6
Field of Pines,5004-4A,#90A395
Green Water,5003-4A,#90A49C
Tropical Bay,5002-3C,#A0B9B2
Valley Haze,5004-5C,#96B7AF
Lake Country,5003-5C,#9BBAB7
Café Blue,5001-4A,#8B9C9B
Blue Arrow,5001-3C,#A0B0B1
Silver Fox,4008-3C,#93A6B1
Evening Eclipse,4007-3C,#8E9CA6
Blue Skylights,4006-3C,#8FA6B7
Hanging Vine,5005-6B,#6C8679
Taiga Spruce,5003-4B,#76867F
Blueridge Fir,5004-4B,#768B82
Liquid Jade,5003-6B,
Secluded Garden,5002-4A,#809B99
Villa Blue,5002-4B,#769292
Northern Juniper,5001-4B,#768B8C
Academy Gray,5001-2A,#778489
Pulitzer Blue,4008-4A,#768D9C
Cornflower Blue,4008-4B,#768793
Billiard Room,5005-6C,
Canadian Fir,5004-4C,
Thalo Night,5009-4,
Shady Palm,5003-6C,
Ocean Abyss,5002-6C,
Perfect Storm,5001-6C,
Relaxed Navy,5001-2B,#647176
Prussian Cadet,4008-6C,
Magnet Dapple,4007-4A,#6C7A85
Smoky Pitch,4007-4B,
Peacock House,5010-4,
Sequoia Glade,5002-4C,
Deep River Green,5010-3,
Everglade Deck,5011-3,
Pale Orchid,1003-6C,#E9DDEA
Cascadia,1002-4C,#F3DFED
Dusted Gloam,1003-4B,#EDDDE6
Pink Mist,1001-2C,#F5E2EC
Quebec Calm,1005-4C,#F6DBE5
Utterly Pink,1003-2C,#F8DBE5
Pink Ribbon,1005-2C,#F9E0E8
Art Deco Pink,1007-4C,#FADDE5
Pixie Dust,1004-2C,#F9E3E9
Pink Whisper,1002-2C,#F9E5EA
Cool  Hue,4005-9B,#CEDBEC
Cool Morning,4003-7A,#D1DCED
Super Nova,4004-9A,#DEDFEE
Lilac Whisper,4003-9A,#DAD8E6
Purple Mist,4002-9A,#E6DCEA
Simply Lavender,4001-9B,#E6D3E7
Easter Morning,1002-6B,#E5D7E3
Lucky You,1004-4C,#EFD8E5
Opal Blush,1005-6C,#EEDAE2
Pink Taffy,1006-4C,#F0D8DF
Prairie Sky,4003-5B,#CAD6E3
Serenity,4005-7B,#CEDAED
Morning Chill,4002-5A,#CED5E3
Lavender Mist,4001-7B,#CECFE1
Purpling Dawn,1001-6B,#D9CFDF
Whipped Plum,4002-9B,#DED0E5
Early Lilac,1002-6A,#D7CBDA
Lilac Lane,1002-4B,#E5D3E2
Sweet Lily,1002-4A,#E0CADB
Lilac Lace,1003-8C,#DFCCD6
Glacier Mist,4005-3B,#AEBECE
Courtyard Shadow,4004-3B,#B1BBC8
Lilac Macchiato,4002-5B,#B6C0D6
Misty Morning Dew,4003-3C,#B3BAC7
Lavender Escape,4002-7B,#CACCDE
Fragrant Lilac,4001-5B,#C4C4D1
Simple Violet,1004-6B,#E1C7D8
Subtle Purple,1003-8B,#D0BBC8
Lindsey Lilac,1002-8A,#C9B2BD
Fragrant Orchid,1006-6B,#E2C7D0
Blissful Blue,4005-3C,#8E9DAE
Acier Tint,4004-3C,#98A2B2
Lavender Lake,4001-5C,#ADACC0
Winter Amethyst,4001-6A,#A19FB7
Livid Violet,4002-3C,#B8B0BC
Midsummer Twilight,4001-3C,#BBAFBD
Native Lilac,4001-4A,#AB9CAC
Dusty Lavender,1002-7C,#B19BAA
Glass Slippers,1003-8A,#BAA0B1
Bedroom Plum,1004-8A,#BDA4AD
Window Screen,4004-4A,#7C8697
Mulberry Shadow,4003-4A,#909AAD
Seattle Haze,4003-4B,#777E8E
Turbid Amethyst,4002-4B,#7E7889
Lucent Purple,4002-4A,#97919E
Classical Violet,4001-4B,#877885
Plum Legacy,1002-7B,#917987
Simple Plum,1001-7B,#82747B
Sweet Shadows,1001-7C,#A5979D
Mellow Mauve,1004-7C,#A68E96
Hampton Surf,4010-5,
Mountain River,4005-6C,
Motor City Blue,4005-4C,
Midnight Shadow,4004-4C,
Pacific Coast,4004-4B,#6C7686
Dark Night,4003-4C,
Boysenberry Jam,4002-4C,
Stormy Purple,1002-5A,#675669
Raspberry Wine,1009-9,#6B5462
Sweet Currant,1001-7A,#66575D
Fly-by-Night Blue,4009-4,
Pitch Cobalt,5010-2,
Night View,4007-4C,
Dutch Licorice,4008-4C,
Moon Shade,4006-4C,
Rogue Blue,5009-2,
Gotham Gray,4009-3,
Purple Fury,4001-4C,
Regal Plum,1002-7A,#64535F
Gypsy Rouge,1010-9,#654F5D
Indigo Streamer,4010-4,
Royal Navy,4011-4,
Corduroy Black,4010-3,
Blue Coal,4011-3,
Twilight Purple,4010-2,
Rare Wine,1011-9,
Soulful Grey,6004-1B,#BBB8AF
Granite Dust,5006-1C,#BABCB6
Urban Sunrise,4004-1B,#B6B8B5
Nuance,5005-3C,#B6BDB3
Smoke Infusion,5002-1B,#B4BCB8
Polished Silver,4008-1B,#B4B8B7
Autumn Fog,4007-1B,#B2BABC
Grey Brook,5001-1B,#B2BDC2
Gravity,4005-1B,#C6C9CB
Voyage,4006-1B,#B5BBC0
Winter Calm,4001-1B,#BBB4B3
London Coach,4002-1B,#B7AEAA
Rocky Bluffs,4003-1C,#ADA9A4
Hazy Stratus,4004-1C,#A6A6A1
Wet Pavement,5006-2A,#A6A69F
Coastal Jetty,5007-1C,#ADAFA7
Secret Moss,5005-2A,#9BA098
Winter Flannel,4007-1C,#979FA2
Metropolis,4005-1C,#ADB1B3
Drizzling Mist,4006-1C,#9BA0A4
Opal Slate,4001-1C,#979291
Channel Seal Gray,1001-9C,#9F938F
Bleached Shadow,4002-1C,#9C9592
Cathedral Stone,4003-2A,#979492
Gray Exposé,5007-2A,#9B9D94
Seafoam Storm,5002-1C,#989F98
Beguile,5002-2A,#86908C
Stone Mason Gray,4008-1C,#9A9E9D
Blue Twilight,5001-1C,#919EA1
Cadet Gray,4001-2A,#908B8E
Olive Gray,4002-2A,#908886
Dusty Lead,4002-2B,#87817F
Mountain Smoke,6004-2B,#87837B
Porcelain Shale,5006-2B,#82837C
Lead Cast,5007-2B,#85877E
Grey Suit,4004-2A,#888886
Murky Sage,5005-2B,#80847B
City Storm,4008-2A,#878C8D
Sharkfin,4007-2A,#848E92
Vessel Gray,4005-2A,#84878B
Roaming Pony,1003-9B,#7E7172
Rugged Suede,4003-2B,#7B7875
Ocean Storm,4004-2B,#6F716F
Coastal Dusk,5002-2B,#757E7B
Almost Charcoal,4008-2B,#74797A
Iron Frost,4007-2B,#727A80
Crucible,4006-2B,#6B7177
Elephant Gray,4006-2A,#7B8189
High-Speed Steel,4005-2B,#6B6E71
Cinder Fox,4001-2B,#848083
Blackstrap,4001-2C,
Porch Step,3011-9,
Semi-Sweet,4003-2C,
Wetlands,5007-2C,#676860
Sable Evening,5006-2C,
Quaking Bog,5005-2C,#666A63
Forest Nightfall,5003-4C,
Muted Ebony,4008-2C,
Cobalt Cannon,5001-2C,
Volcanic Ash,4009-1,
Labrador,3009-9,
English Tea Party,6004-2C,
Ebony Field,4004-2C,
Turkish Coffee,6003-2C,
Blackened Pine,5003-2C,
Sable Calm,5002-2C,
Slate Court,5001-4C,
Blindfold,4007-2C,
Muskeg Grey,4005-2C,
Hematite,4006-2C,
Safari Brown,6009-1,
Brown Velvet,1011-10,
Black Raisin,4002-2C,
Fired Earth,6011-1,
Dark Oasis,6011-4,
Aged Pine,6011-5,
Deepest River,5009-3,
Forest Canopy,5010-1,
Black Evergreen,5009-1,
Chimney Smoke,4010-1,
Nocturnal Green,5011-1,
Dark Kettle Black,4011-2,
Very Black,5011-2,
New Black,4011-1,
Noir,4009-2,
